{"cameraMode":{"drawMode":0,"name":"Shaded","section":"Shading Mode"},"sceneLighting":true,"audioPlay":false,"sceneViewState":{"m_AlwaysRefresh":false,"showFog":true,"showSkybox":true,"showFlares":true,"showImageEffects":true,"showParticleSystems":true,"showVisualEffectGraphs":true,"m_FxEnabled":true},"in2DMode":false,"pivot":{"x":6.252803325653076,"y":-2.1413815021514894,"z":4.884445667266846},"rotation":{"x":0.23097141087055207,"y":0.5527892112731934,"z":-0.16286234557628632,"w":0.7840279936790466},"size":3.3713274002075197,"orthographic":false}