{"cameraMode":{"drawMode":0,"name":"Shaded","section":"Shading Mode"},"sceneLighting":false,"audioPlay":false,"sceneViewState":{"m_AlwaysRefresh":false,"showFog":true,"showSkybox":true,"showFlares":true,"showImageEffects":true,"showParticleSystems":true,"showVisualEffectGraphs":true,"m_FxEnabled":true},"in2DMode":false,"pivot":{"x":0.18399327993392945,"y":1.7848644256591797,"z":5.861706256866455},"rotation":{"x":-0.36090928316116335,"y":-0.00912905391305685,"z":0.002584840403869748,"w":-0.933268666267395},"size":3.5068817138671877,"orthographic":false}