{"cameraMode":{"drawMode":0,"name":"Shaded","section":"Shading Mode"},"sceneLighting":true,"audioPlay":false,"sceneViewState":{"m_AlwaysRefresh":false,"showFog":true,"showSkybox":true,"showFlares":true,"showImageEffects":true,"showParticleSystems":true,"showVisualEffectGraphs":true,"m_FxEnabled":true},"in2DMode":false,"pivot":{"x":-4.9488701820373539,"y":0.3316268026828766,"z":-0.9904994964599609},"rotation":{"x":0.3530857563018799,"y":0.5753586292266846,"z":-0.30176782608032229,"w":0.6733316779136658},"size":3.2261505126953127,"orthographic":false}