{"cameraMode":{"drawMode":0,"name":"Shaded","section":"Shading Mode"},"sceneLighting":true,"audioPlay":false,"sceneViewState":{"m_AlwaysRefresh":false,"showFog":true,"showSkybox":true,"showFlares":true,"showImageEffects":true,"showParticleSystems":true,"showVisualEffectGraphs":true,"m_FxEnabled":true},"in2DMode":false,"pivot":{"x":0.8439006805419922,"y":1.8018677234649659,"z":-11.25755500793457},"rotation":{"x":-0.0005653037806041539,"y":0.9980937838554382,"z":-0.06296247243881226,"w":-0.008106386289000512},"size":3.3713274002075197,"orthographic":false}